Name,Average
Alice,87.66666666666667
Bob,80.0
Charlie,93.66666666666667
David,69.66666666666667
Eva,87.66666666666667
Frank,77.66666666666667
Grace,92.0
Hannah,65.0
Ivy,80.0
Jack,88.33333333333333
